id	name	seller
0	The Water Cream Oil-Free Pore Minimizing Moisturizer	Tatcha
1	The Dewy Skin Cream Plumping & Hydrating Moisturizer	Tatcha
2	The True Cream Aqua Bomb	belif
3	Watermelon Pink Juice Oil-Free Moisturizer	Glow Recipe
4	Ultra Repair® Cream Intense Hydration	First Aid Beauty
5	Barrier+ Triple Lipid-Peptide Face Cream	Skinfix
6	Honey Halo Ultra-Hydrating Ceramide Moisturizer	Farmacy
7	Cicapair™ Tiger Grass Color Correcting Treatment SPF 30	Dr. Jart+
8	Protini™ Polypeptide Moisturizer	Drunk Elephant
9	Natural Moisturizing Factors + HA	The Ordinary
10	The True Cream Moisturizing Bomb	belif
11	Banana Soufflé Moisture Cream	Glow Recipe
12	Daily Greens Oil-Free Gel Moisturizer with Moringa and Papaya	Farmacy
13	Ceramidin™ Cream	Dr. Jart+
14	Ultra Repair Firming Collagen Cream with Peptides and Niacinamide	First Aid Beauty
15	Adaptogen Deep Moisture Cream with Ashwagandha + Reishi	Youth To The People
16	Hydra Vizor Invisible Moisturizer Broad Spectrum SPF 30 Sunscreen	Fenty Skin
17	Peptide Moisturizer	The INKEY List
18	Superfood Air-Whip Moisturizer with Hyaluronic Acid	Youth To The People
19	RESIST Barrier Repair Moisturizer with Retinol	Paula's Choice
20	Ultra Facial Moisturizing Cream with Squalane	Kiehl's Since 1851
21	Cloud Dew Oil-Free Gel Cream Moisturizer	Summer Fridays
22	Barrier+ Triple Lipid-Peptide Face Lotion	Skinfix
23	Vitamin B, C, and E Moisturizer	The INKEY List
24	Lotus Anti- Aging Daily Moisturizer 	fresh
25	Honey Drop Lightweight Moisturizer	Farmacy
26	CLEAR Oil-Free Moisturizer	Paula's Choice
27	Cicapair™ Tiger Grass Cream	Dr. Jart+
28	Milky Hydra Balancing Moisturizer 	belif
29	Rich Bitch Cactus + Vitamin C Moisturizer	Freck Beauty
30	Magic Cream Moisturizer	Charlotte Tilbury
31	Superscreen Daily Moisturizer Broad Spectrum SPF 40 PA+++	Supergoop!
32	C-Rush™ Vitamin C Gel Moisturizer	OLEHENRIKSEN
33	Next Level No BS Moisturizer	iNNBEAUTY PROJECT
34	Lala Retro™ Whipped Moisturizer with Ceramides	Drunk Elephant
35	Squalane + Probiotic Gel Moisturizer	Biossance
36	Water-Infusing Electrolyte Moisturizer	Paula's Choice
37	Honey Savior All-in-One Skin Repair Salve	Farmacy
38	Vitamin C Suspension 23% + HA Spheres 2%	The Ordinary
39	Peat Miracle Revital Cream	belif
40	Vitamin Enriched Face Base Priming Moisturizer	Bobbi Brown
41	The Silk Cream	Tatcha
42	Problem Solution Moisturizer	belif
43	Aqua Bomb Brightening Vitamin C Cream	belif
44	Balancing Cream with Green Tea	innisfree
45	Cicapair™ Tiger Grass Calming Gel Cream	Dr. Jart+
46	Lotus Anti-Aging Night Moisturizer 	fresh
47	Radian-C Cream with Vitamin C	LANEIGE
48	Water Drench Hyaluronic Acid Moisturizer	Peter Thomas Roth
49	Water Drench® Hyaluronic Hydrating Moisturizer SPF 45	Peter Thomas Roth
50	Sheer Transformation® Perfecting Moisturizer	OLEHENRIKSEN
51	Water Bank Moisture Cream	LANEIGE
52	Crème de la Mer Moisturizer	La Mer
53	Resveratrol Lift Firming Cashmere Moisturizer	Caudalie
54	5 in 1 Face Cream SPF 30	First Aid Beauty
55	Teatreement™ Moisturizer	Dr. Jart+
56	Ultra Repair Face Moisturizer	First Aid Beauty
57	Youthquake Hydra-full Retexturizing Gel Crème Moisturizer	Marc Jacobs Beauty
58	Virgin Marula Luxury  Face Oil	Drunk Elephant
59	Squalane + Omega Repair Cream	Biossance
60	The Indigo Cream Soothing Skin Protectant	Tatcha
61	Nourishing Moisturizer - Hydrate & Repair	SEPHORA COLLECTION
62	Cold Plunge™ Pore Remedy Moisturizer with BHA/LHA	OLEHENRIKSEN
63	Original Skin™ Matte Moisturizer with Willowherb	Origins
64	Skin Perfecting Lotion - Blemish Prone/Oily Skin	Murad
65	Squalane + Vitamin C Rose Oil	Biossance
66	Moisture Surge™ 100-Hour Auto-Replenishing Hydrator	CLINIQUE
67	Vinoperfect Instant Brightening Moisturizer with Niacinamide	Caudalie
68	Pore Cleaner Moisturizer	belif
69	Ultra Repair Oil-Control Moisturizer	First Aid Beauty
70	Turmeric Glow Moisturizer	KORA Organics
71	Cream Skin Toner & Moisturizer	LANEIGE
72	Vegan Milk Moisturizer	MILK MAKEUP
73	100% Sugarcane Squalane Oil	Biossance
74	Better Daze Ahead CBD Moisturizer	Farmacy
75	The Cream with TFC8® Face Moisturizer	Augustinus Bader
76	Confidence in a Cream Hydrating Moisturizer	IT Cosmetics
77	Tidal Brightening Enzyme Water Cream	SUNDAY RILEY
78	RESIST Anti-Aging Clear Skin Hydrator	Paula's Choice
79	Signature Moisturizer	ROSE Ingleton MD
80	Waterfall Glacier Water Cream	Saturday Skin
81	Turmeric Brightening Moisturizer 	The INKEY List
82	Instant Reset Overnight Recovery Gel-Cream	Fenty Skin
83	All Day Hydrator - Hydrate & Glow	SEPHORA COLLECTION
84	Ginger Honey Nourishing Cream	innisfree
85	A Perfect World™ SPF 40 Age-Defense Moisturizer with White Tea	Origins
86	Hello FAB Coconut Water Cream	First Aid Beauty
87	The Moisturizing Soft Cream Moisturizer	La Mer
88	C.E.O Vitamin C Rich Hydration Cream	SUNDAY RILEY
89	GinZing™ Oil- Free Energy Boosting Gel Moisturizer	Origins
90	The Rich Cream with TFC8® Face Moisturizer	Augustinus Bader
91	Water-Lock Moisturizer with Skin-Smoothing Peptides	Tata Harper
92	Active Moist Moisturizer	Dermalogica
93	Vinosource Moisturizing Sorbet	Caudalie
94	Orchid Youth-Enriched Gel Cream	innisfree
95	Skin Rescue Daily Face Cream	First Aid Beauty
96	Yaupon Tea Glow-Awakening Moisturizer	Volition Beauty
97	Oil and Pore Control Mattifier Broad Spectrum SPF 45 PA++++	Murad
98	Water Bank Hydro Gel	LANEIGE
99	All-Physical Dark Spot Sun Defense Sunscreen Broad Spectrum SPF 50	Dr. Dennis Gross Skincare
100	The Essence Plumping Skin Softener	Tatcha
101	100 percent Pure Argan Oil	Josie Maran
102	Ultra Facial Cream SPF 30	Kiehl's Since 1851
103	Double-Duty Face Moisturizer Broad Spectrum SPF 20	Jack Black
104	Clarifying Water Gel	Murad
105	Calm Water Gel Moisturizer 	Dermalogica
106	100% Organic Coconut Melt	Kopari
107	Secret Sauce Anti-Aging Moisturizer	IT Cosmetics
108	Greek Yoghurt Nourishing Probiotic Gel-Cream	KORRES
109	GinZing™ SPF 40 Energy-Boosting Tinted Moisturizer	Origins
110	Vinoperfect Brightening Glycolic Overnight Cream	Caudalie
111	No. 4 Vanilla Silk Hydrating Lotion	Edible Beauty
112	SEA drink of H2O hydrating boost moisturizer	tarte
113	Purity Made Simple Ultra-Light Moisturizer	philosophy
114	Luna Retinol Sleeping Night Oil	SUNDAY RILEY
115	Ultra Facial Moisturizer SPF 30	Kiehl's Since 1851
116	Vinopure Natural Oil Control Moisturizer	Caudalie
117	Clear Improvement™ Pore Clearing Moisturizer with Salicylic Acid	Origins
118	Juno Antioxidant + Superfood Face Oil	SUNDAY RILEY
119	Baba Bomb Moisturizer	tarte
120	Acne-Clear Oil-Free Matte Moisturizer	Peter Thomas Roth
121	Evercalm™ Global Protection Day Cream	REN Clean Skincare
122	Plantscription™ SPF 25 Power Anti-Aging Oil-Free Cream	Origins
123	Pomegranate Pore Blurring Gel Moisturizer	KORRES
124	Dynamic Skin Recovery SPF 50 Moisturizer	Dermalogica
125	DayWear Advanced Multi-Protection Anti-Oxidant Creme, Normal/Combination	Estée Lauder
126	Peptide + Ceramide Repairing Moisturizer	Dr. Zenovia Skincare
127	Vitamin Enriched Face Base Jumbo	Bobbi Brown
128	Argan Infinity Cream Intensive Creamy Oil	Josie Maran
129	Mini Charlotte's Magic Cream	Charlotte Tilbury
130	Honey Balm Niacinamide Moisturizer	Wishful
131	Celery Green Cream with Hyaluronic Acid + Peptides	Volition Beauty
132	Max Sheer All Day Moisture Defense® Lotion SPF 30 Sunscreen Lotion	Peter Thomas Roth
133	Revitalizing Supreme Global Anti-Aging Crème	Estée Lauder
134	Melt Moisturizer with Bakuchiol and Squalane	alpyn beauty
135	Ultra Repair Hydra-Firm Night Cream	First Aid Beauty
136	ICE Ceramide Moisturizing Cream	SUNDAY RILEY
137	Cooling Water	MILK MAKEUP
138	Hyaluronic Marine Oil-Free Moisture Cushion	Dr. Dennis Gross Skincare
139	Dramatically Different Moisturizing Lotion+	CLINIQUE
140	Confidence in a Gel Lotion	IT Cosmetics
141	Prisma Protect SPF 30 Moisturizer	Dermalogica
142	+Retinol Vitamin C Moisturizer	Kate Somerville
143	Bye Bye Redness Neutralizing Color-Correcting Cream	IT Cosmetics
144	KateCeuticals® Total Repair Cream	Kate Somerville
145	Moisture Plumping Nectar Cream	AMOREPACIFIC
146	Algae Niacinamide Moisture Veil	Algenist
147	Dramatically Different Moisturizing Gel	CLINIQUE
148	Vitamin C Glow Moisturizer	fresh
149	Multi-Biotic Balancing Moisturizer 	The INKEY List
150	Resveratrol Lift Lightweight Firming Cashmere Moisturizer	Caudalie
151	Nutrient-Charged Water Gel	Murad
152	Clarimatte™ T-Zone Balancing Gel Cream	REN Clean Skincare
153	Oil Free Moisturizer	Kate Somerville
154	Dry Skin Saver	Kate Somerville
155	Renewed Hope in A Jar SPF 30 Moisturizer	philosophy
156	Hello FAB Coconut Skin Smoothie Priming Moisturizer	First Aid Beauty
157	Hydro Crystal Lightweight Gel Moisturizer	OTZI
158	Evercalm™ Overnight Recovery Balm	REN Clean Skincare
159	GENIUS Sleeping Collagen	Algenist
160	ExfoliKate® Glow Moisturizer	Kate Somerville
161	knockout brightening gel moisturizer	tarte
162	Orchid Youth-Enriched Cream	innisfree
163	UV Expert Aquagel Defense Primer & Moisturizer SPF 50	Lancôme
164	Vitamin C+ Collagen Deep Cream	Dr. Dennis Gross Skincare
165	Capture Totale Firming & Wrinkle-Correcting Cream	Dior
166	Ultra Repair® Hydrating Serum	First Aid Beauty
167	Multi Active Day Cream - All Skin Types	Clarins
168	GENIUS Collagen Calming Relief	Algenist
169	Plantscription™ SPF 25 Power Anti-Aging Cream	Origins
170	Cool Biotic™ Prebiotic Redness Relief Cream	Dr. Brandt Skincare
171	Peptide 21® Wrinkle Resist Moisturizer	Peter Thomas Roth
172	High Potency Classics: Face Finishing & Firming Moisturizer	Perricone MD
173	Resveratrol Lift Firming Night Moisturizer	Caudalie
174	Hydrating Water Fresh Cream Moisturizer	Bobbi Brown
175	Vinosource SOS Intense Hydration Moisturizer	Caudalie
176	Intensive Moisture Balance Moisturizer	Dermalogica
177	Dreamskin Skin Perfector	Dior
178	Oil Free Moisturizer Broad Spectrum SPF 30	Mario Badescu
179	Crystal Luminizer	KORA Organics
180	Vitamin C Ester Photo-Brightening Moisturizer SPF 30	Perricone MD
181	Full Spectrum 360°  Mineral Sun Silk Moisturizer Organic Sunscreen SPF 30	COOLA
182	Calendula Serum-Infused Water Cream	Kiehl's Since 1851
183	Acid Mantle Repair Moisturizer With 250mg CBD and Ceramides	Lord Jones
184	CBD Moisture Duo	Lord Jones
185	Ultimate Revival Cream	SK-II
186	Plantscription™ Youth-Renewing Power Night Cream	Origins
187	Goodnight Glow Retin-ALT Sleeping Crème	OLEHENRIKSEN
188	Bio Hyaluronic Moisturizing Cream	SOBEL SKIN Rx
189	That Blockbuster Cream with Hyaluronic Acid	JLo Beauty
190	GLOWSTARTER™ Mega Illuminating Moisturizer	GLAMGLOW
191	That Big Screen Moisturizer with Broad Spectrum SPF 30	JLo Beauty
192	Instant Radiance Sun Defense Sunscreen Broad Spectrum SPF 40	Dr. Dennis Gross Skincare
193	Weightless Oil-Free Moisturizer	Shani Darden Skin Care
194	Overnight Glow Dark Spot Sleeping Cream	REN Clean Skincare
195	Ultra Facial Oil-Free Gel Cream	Kiehl's Since 1851
196	Ultra Repair BarriAIR Cream	First Aid Beauty
197	Lotus Youth Preserve Radiance Lotion	fresh
198	DayWear Advanced Multi-Protection Anti-Oxidant Creme, Dry	Estée Lauder
199	SUBLIME DEFENSE Ultra Lightweight UV Defense Fluid SPF 50	Algenist
200	Whipped Argan Oil Face Butter	Josie Maran
201	The Moisturizing Cool Gel Cream	La Mer
202	Renewed Hope in A Jar Water Cream	philosophy
203	Mini Vegan Milk Moisturizer	MILK MAKEUP
204	Skin Smoothing Cream Moisturizer	Dermalogica
205	DayWear Matte Oil-Control Anti-Oxidant Moisture Gel Creme	Estée Lauder
206	GOOPGLOW Glow Lotion	goop
207	Crème Ancienne®	fresh
208	Goat Milk Moisturizing Cream	Kate Somerville
209	Alpha Beta® Pore Perfecting Moisturizer	Dr. Dennis Gross Skincare
210	Ferulic + Retinol Anti-Aging Moisturizer	Dr. Dennis Gross Skincare
211	GinZing™ Ultra-Hydrating Energy-Boosting Cream	Origins
212	SUPERWATERGEL Triple Acid Oil-Free Moisturizer	GLAMGLOW
213	Renewed Hope in A Jar Facial Moisturizer	philosophy
214	Rose Gold Elixir 24K Moisturizing Gel Cream	FARSÁLI
215	C-Rush™ Brightening Double Crème	OLEHENRIKSEN
216	The Afterglow Deep Moisture Cream with Hyaluronic Acid + 500mg CBD	Prima
217	100 percent Pure Argan Oil Light 	Josie Maran
218	Perfecting Day Cream Broad Spectrum SPF 30 PA+++	Murad
219	Eczema+ Dermatitis Face Balm	Skinfix
220	Hydra Zen Anti-Stress Gel Moisturizer	Lancôme
221	Hydra-Essentiel Cooling Gel - Normal to Combination Skin	Clarins
222	Hydro-Dynamic® Ultimate Moisture	Murad
223	Super Anti-Aging Face Cream	Dr. Barbara Sturm
224	Collagen Moisturizer SPF 15	Mario Badescu
225	Firming Sleeping Cream	SEPHORA COLLECTION
226	Black Tea Corset Cream Firming Moisturizer	fresh
227	Clean Break™ Oil-Free Moisturizer	Jack Black
228	Ultra Facial Moisturizer	Kiehl's Since 1851
229	Plantscription™ Retinol Night Moisturizer	Origins
230	DeliKate™ Recovery Cream	Kate Somerville
231	Premier Cru Anti-Aging Rich Cream	Caudalie
232	The Perfect Cream Multi-Tasking Moisturizer	Laura Mercier
233	Black Tea Age-Delay Cream	fresh
234	The Moisturizing Soft Lotion	La Mer
235	Capture Youth Age-Delay Advanced Crème	Dior
236	Maracuja Oil	tarte
237	Powerful Wrinkle Reducing Cream Sunscreen Broad Spectrum SPF 30	Kiehl's Since 1851
238	Ultimate Miracle Worker Multi-Rejuvenating Cream SPF 30	philosophy
239	SKINPOWER Cream	SK-II
240	Potent-C™ Vitamin C Bright & Plump Moisturizer	Peter Thomas Roth
241	Hydra-Essentiel Silky Cream - Normal to Dry Skin	Clarins
242	Aloe Vera Blemish Soothing Moisturizer	Dr. Zenovia Skincare
243	Buttermilk Moisturizer	Mario Badescu
244	Super Rich Repair Moisturizer	Dermalogica
245	ALIVE Prebiotic Balancing Moisturizer SPF 15	Algenist
246	anti-wrinkle miracle worker+ line-correcting moisturizer	philosophy
247	Immortelle Precious Cream	L'Occitane
248	Extra-Firming Wrinkle Control Firming Day Cream SPF 15	Clarins
249	Moisturizing Hand Cream	fresh
250	Retinol Youth Renewal Night Cream	Murad
251	Brightening Face Cream	Dr. Barbara Sturm
252	THIRSTYMUD™ 24-Hour Hydrating Treatment Face Mask	GLAMGLOW
253	Coconut Face Cream	Kopari
254	High Potency Classics: Hyaluronic Intensive Moisturizer	Perricone MD
255	Firming Day Cream - Firm + Illuminate	SEPHORA COLLECTION
256	Illuminating Hydrator - Radiance + Smoothing	SEPHORA COLLECTION
257	Dermatologist Solutions™ Centella Sensitive Cica-Cream	Kiehl's Since 1851
258	The Radiant SkinTint SPF 30	La Mer
259	GENIUS Ultimate Anti-Aging Cream	Algenist
260	Multi-Active Day Cream SPF 20 - All Skin Types	Clarins
261	Super Multi-Corrective Anti-Aging Face and Neck Cream	Kiehl's Since 1851
262	Aqua Reotier Ultra Thirst-Quenching Gel Moisturizer	L'Occitane
263	Darker Skin Tones Face Cream	Dr. Barbara Sturm
264	Stress Repair Face Cream with Niacinamide	Dr. Dennis Gross Skincare
265	TIME RESPONSE Skin Reserve Crème	AMOREPACIFIC
266	Face Cream	Dr. Barbara Sturm
267	Premier Cru Anti-Aging Cream	Caudalie
268	DermalQuench® Hyaluronic Acid Hydration Treatment	Kate Somerville
269	Moisturizer Mini Youthquake Hydra-full Retexturizing Gel Crème	Marc Jacobs Beauty
270	Resurgence Age-Balancing Night Cream	Murad
271	Benefiance Wrinkle Smoothing Day Cream SPF 23	Shiseido
272	ClearCalm Replenishing Gel Cream	REN Clean Skincare
273	Lightweight Magic Cream Moisturizer SPF20	Charlotte Tilbury
274	Pretty Pop Probiotic Power Whipped Cream	Saturday Skin
275	Essential-C Day Moisture Broad Spectrum SPF 30 PA+++	Murad
276	Salve The Day Multi Balm	INC.redible
277	The Moisturizing Matte Lotion	La Mer
278	Aqua Reotier Ultra Thirst-Quenching Cream Moisturizer	L'Occitane
279	After-Dark Natural Peptide Sleeping Cream	Naturally Serious
280	Glow Formula Skin Hydrator	Kiehl's Since 1851
281	Hydrating Face Cream Moisturizer	Bobbi Brown
282	Vital-E™ Antioxidant Recovery Cream	Peter Thomas Roth
283	The ZenBubble Gel Cream	BeautyBio
284	Intensive Hydrating Cream with Green Tea Seed	innisfree
285	Crème Riche Anti-Aging Peptide Night Cream	Tata Harper
286	Abeille Royale Day Cream	Guerlain
287	Brightening Face Lotion	Dr. Barbara Sturm
288	Photo Finish Primerizer Moisturizing Primer	Smashbox
289	Repairing Tint & Radiance Moisturizer SPF 30	Algenist
290	Pure Vitality Skin Renewing Cream	Kiehl's Since 1851
291	Confidence in Your Beauty Sleep Night Cream	IT Cosmetics
292	Mini Cooling Water	MILK MAKEUP
293	Hyaluronic Dew Cream	Mario Badescu
294	Jumbo Confidence in A Cream	IT Cosmetics
295	Sound Sleep Cocoon Night Gel-Cream	Dermalogica
296	Bird's Nest Blurring Beauty Mousse CC Cream	Pretty Vulgar
297	Face Cream Rich	Dr. Barbara Sturm
298	pores no more® Mattifying Hydrator Pore Minimizing Gel	Dr. Brandt Skincare
299	Clarifying Moisturizer	Tata Harper
300	Revitalizing Supreme+ Night Intensive Restorative Crème	Estée Lauder
301	FIRMx® Collagen Moisturizer	Peter Thomas Roth
302	Plant Stem Cell Day Cream SPF 30	SOBEL SKIN Rx
303	City Skin Overnight Detox Moisturizer	Murad
304	Mini Crème de la Mer Moisturizer	La Mer
305	Cosmic Cream™ Collagen Protecting Moisturizer	Moon Juice
306	Powerful Wrinkle Reducing Cream	Kiehl's Since 1851
307	MenoReverse Volumizing Serum-in-Moisturizer	KORRES
308	V-Cense™ Revitalising Night Cream	REN Clean Skincare
309	GOOPGENES All-In-One Nourishing Face Cream	goop
310	Multi-Active Day Cream-Gel - Normal to Combination Skin	Clarins
311	Hydra Life Fresh Hydration Sorbet Crème	Dior
312	Waterburst™ Hydrated Glow Moisturizer	GLAMGLOW
313	Hydra-Essentiel Rich Cream - Very Dry Skin	Clarins
314	Charlotte's Magic Cream - Lunar New Year Edition	Charlotte Tilbury
315	All Day Body Hydrator	SEPHORA COLLECTION
316	Aglow™ Priming Oil	lilah b.
317	Beauty Flash Balm	Clarins
318	Abeille Royale Night Cream	Guerlain
319	Skin Dope 100mg CBD Recovery Face Moisturizer	Josie Maran
320	Mini Confidence in a Cream Hydrating Moisturizer	IT Cosmetics
321	Dr. Andrew Weil for Origins™ Mega-Mushroom Relief & Resilience Soothing Cream	Origins
322	High Potency Classics: Face Finishing & Firming Moisturizer Tint SPF 30	Perricone MD
323	Counter Balance™ Oil Control Hydrator	OLEHENRIKSEN
324	Mini The Moisturizing Cool Gel Cream	La Mer
325	The Essential Creme Fluid	AMOREPACIFIC
326	Charlotte's Magic Night Cream	Charlotte Tilbury
327	Nutritious Super-Pomegranate Radiant Energy Moisture Crème	Estée Lauder
328	Dr. Andrew Weil for Origins™ Mega-Mushroom Relief & Resilience Hydra Burst Gel Lotion	Origins
329	Clarifying Face Cream	Dr. Barbara Sturm
330	Crème Ancienne® Soft Cream	fresh
331	V-Cense™ Youth Vitality Day Cream	REN Clean Skincare
332	Capture Totale Intensive Night Restorative Crème	Dior
333	Hyaluronic Facial Cream	Dr. Brandt Skincare
334	Hungarian Thermal Water Mineral-Rich Moisturizer	Peter Thomas Roth
335	Clearly Corrective™ Brightening and Smoothing Moisture Treatment	Kiehl's Since 1851
336	NightWear Plus Anti-Oxidant Night Detox Creme	Estée Lauder
337	The Ultimate Hydrating Vitamin C Facial Moisturizer	BeautyBio
338	Face Cream Light	Dr. Barbara Sturm
339	Darker Skin Tones Face Cream Rich	Dr. Barbara Sturm
340	Repairative Anti-Aging Moisturizer	Tata Harper
341	Hydra Life Hydration Rescue Intense Sorbet Creme	Dior
342	Advanced Anti-Aging Repairing Oil	Algenist
343	Crème du Nil Pore-Refining Moisture Veil	LXMI
344	Ski Cream	Dr. Barbara Sturm
345	Seaweed Night Cream	Mario Badescu
346	Super Restorative Night Age Spot Correcting Replenishing Cream	Clarins
347	Overnight Restorative Cream	Algenist
348	Plantscription™ Powerful Lifting Cream	Origins
349	The Quench Quadralipid Rapid Recovery Facial Moisturizer	BeautyBio
350	GOOPGENES Nourishing Repair Butter	goop
351	Facial Fuel Sunscreen Broad Spectrum SPF 20	Kiehl's Since 1851
352	anti-wrinkle miracle worker night+ line-correcting overnight cream	philosophy
353	Age Arrest Anti-Wrinkle Cream	Kate Somerville
354	Zincscreen 100% Mineral Lotion SPF 40 PA+++	Supergoop!
355	Mini Lightweight Magic Cream Moisturizer SPF20	Charlotte Tilbury
356	Dry Erase® Ultra-Calming Face Cream	Jack Black
357	POWER Advanced Wrinkle Fighter Moisturizer	Algenist
358	ELEVATE Advanced Lift Contouring Cream	Algenist
359	Dramatically Different Hydrating Jelly	CLINIQUE
360	Wrinkle Warrior™ 2-in-1 Plumping Moisturizer + Serum	Kate Somerville
361	Advanced Time Zone Night Age Reversing Line/Wrinkle Crème	Estée Lauder
362	Extra Illuminating Moisture Balm	Bobbi Brown
363	Resilience Multi-Effect Night Tri-Peptide Face and Neck Creme	Estée Lauder
364	Do Not Age with Dr. Brandt Time Defying Cream	Dr. Brandt Skincare
365	Resilience Multi-Effect Tri-Peptide Face and Neck Crème	Estée Lauder
366	Extra Repair Moisture Cream	Bobbi Brown
367	Vitamin C Brightening Moisturizer SPF 30	Dr. Zenovia Skincare
368	Rénergie Lift Multi-Action Ultra Dark Spot Correcting Cream SPF 30	Lancôme
369	The Nourishing Soft Cream Hydration Duet	La Mer
370	Dewy Glow Jelly Cream with Jeju Cherry Blossom	innisfree
371	Lapis Blue Tansy Face Oil - For Oily & Acne-Prone Skin	Herbivore
372	Essential Firming Cream	Sulwhasoo
373	Luxury Sampler	Murad
374	Clinique iD™ Custom-Blend Hydrator Collection	CLINIQUE
375	Dramatically Different™ Hydrating Clearing Jelly	CLINIQUE
376	Moisture Surge Hydrating Supercharged Concentrate	CLINIQUE
377	WASO: Color-Smart Day Moisturizer Oil-Free SPF 30 Sunscreen	Shiseido
378	WASO: Giga-Hydrating Rich Cream	Shiseido
379	Benefiance Wrinkle Smoothing Cream Enriched	Shiseido
380	Bio-Performance Advanced Super Revitalizing Cream	Shiseido
381	Clinique iD™ Dramatically Different™ Hydrating Clearing Jelly + Active Cartridge Concentrate™ for Imperfections	CLINIQUE
382	Dr. Andrew Weil For Origins™ Mega-Bright SPF 30 Skin Tone Correcting Oil-Free Moisturizer	Origins
383	Mini Dramatically Different Hydrating Jelly	CLINIQUE
384	Bienfait Multi-Vital SPF 30 Day Cream Moisturizer	Lancôme
385	Future Solution LX Concentrated Balancing Softener	Shiseido
386	Even Better Skin Tone Correcting Moisturizer Broad Spectrum SPF 20	CLINIQUE
387	Turnaround Overnight Revitalizing Moisturizer	CLINIQUE
388	Hydra Zen Anti-Stress Glow Liquid Moisturizer	Lancôme
389	Super Multi-Corrective Cream Sunscreen Broad Spectrum SPF 30	Kiehl's Since 1851
390	Moisture Surge™ Intense 72H Lipid-Replenishing Hydrator	CLINIQUE
391	MOISTURE BOUND Refreshing Hydra-Gel Oil-Free	AMOREPACIFIC
392	Super Matte Moisturizer	SEPHORA COLLECTION
393	Mineral Sun Defense Moisturizer Broad Spectrum Sunscreen SPF 30	Naturally Serious
394	Tangerine Brightening & Pore-Refining Moisturizer	innisfree
395	Météorites Oxygen Care Moisturizer & Radiance Booster	Guerlain
396	Emerald CBD + Adaptogens Deep Moisture Glow Oil	Herbivore
397	Renergie Lift Multi-Action Ultra Firming and Dark Spot Correcting Moisturizer SPF 30	Lancôme
398	Blue Herbal Moisturizer	Kiehl's Since 1851
399	Vital Perfection Uplifting and Firming Cream Day Cream	Shiseido
400	Shea Light Comforting Cream	L'Occitane
401	Concentrated Ginseng Renewing Cream Light	Sulwhasoo
402	Dramatically Different Moisturizing Cream	CLINIQUE
403	Redness Solutions with Probiotic Technology Daily Relief Cream	CLINIQUE
404	Future Solution LX Universal Defense Broad Spectrum SPF 50+	Shiseido
405	Capture Totale Super Potent Rich Cream	Dior
406	Phoenix Rosehip Anti-Aging Face Oil - For Dry Skin	Herbivore
407	Repairwear Laser Focus Night Line Smoothing Cream for Combination Oily to Oily Skin	CLINIQUE
408	Bienfait Multi-Vital Sunscreen Lotion Broad Spectrum SPF 30	Lancôme
409	Seaberry Moisturizing Face Oil	fresh
410	WASO: Fresh Jelly Essence	Shiseido
411	Moisture Surge™ Hydrating Lotion	CLINIQUE
412	Pore Refining Solutions Stay-Matte Hydrator	CLINIQUE
413	Skin Warrior Anti-Pollution Repair Cream	Naturally Serious
414	WASO: Color-Smart Day Moisturizer SPF 30 Sunscreen	Shiseido
415	Retinol 0.5 Retexturizing Cream	Obagi Clinical
416	Rènergie Lift Multi-Action Ultra Double-Wrapping Cream Face Mask	Lancôme
417	Concentrated Ginseng Renewing Cream	Sulwhasoo
418	Moisture Surge™ Sheertint Hydrator Broad Spectrum SPF 25	CLINIQUE
419	Even Better Skin Tone Correcting Lotion Broad Spectrum SPF 20	CLINIQUE
420	Future Solution LX Total Regenerating Cream	Shiseido
421	Smart Broad Spectrum SPF 15 Custom-Repair Moisturizer for Dry Combination Skin	CLINIQUE
422	Kinetin+ Hydrating Cream	Obagi Clinical
423	Hydra Zen Anti-Stress Moisturizing Face Cream	Lancôme
424	Essential Balancing Emulsion	Sulwhasoo
425	Benefiance Wrinkle Smoothing Cream	Shiseido
426	Bienfait Multi-Vital Moisturizing Night Cream	Lancôme
427	Dramatically Different™ Moisturizing BB-gel	CLINIQUE
428	White Lucent Day Emulsion Broad Spectrum SPF 23	Shiseido
429	Bloomstay Vitalizing Cream	Sulwhasoo
430	Essential Energy Moisturizing Gel Cream	Shiseido
431	WASO: Clear Mega-Hydrating Moisturizer	Shiseido
432	Vitamin C Suncare Broad Spectrum SPF 30 Sunscreen	Obagi Clinical
433	Bio Retinoid™ Anti-Ageing Cream	REN Clean Skincare
434	Superdefense SPF 25 Fatigue + 1st Signs of Age Multi-Correcting Cream	CLINIQUE
435	Rénergie Lift Multi-Action Night Cream	Lancôme
436	Smart Broad Spectrum SPF 15 Custom-Repair Moisturizer for Very Dry to Dry Skin	CLINIQUE
437	Repairwear Uplifting Firming Cream	CLINIQUE
438	Rènergie Lift Multi-Action Rich Cream with SPF 15 For Dry Skin	Lancôme
439	Rénergie Lift Multi-Action Day Cream with SPF 15 - All Skin Types	Lancôme
440	Clinique Smart Clinical™ MD Multi-Dimensional Age Transformer Revolumize	CLINIQUE
441	Nilotica Goddess Glow	LXMI
442	Repairwear Laser Focus Line Smoothing Cream Broad Spectrum SPF 15 for Very Dry to Dry Combination Skin	CLINIQUE
443	Orchid Antioxidant Beauty Face Oil - For Combination Skin	Herbivore
444	Clinique Smart Clinical™ MD Multi-Dimensional Age Transformer Duo Resculpt + Revolumize	CLINIQUE
445	Emerald Hemp Seed Deep Moisture Glow Oil	Herbivore
446	Repairwear Laser Focus Night Line Smoothing Cream for Very Dry to Dry Combination Skin	CLINIQUE
447	Regenerative Anti-Aging Moisturizer	Algenist
448	Surreal Skin Argan Finishing Balm	Josie Maran
449	Benefiance NutriPerfect Night Cream	Shiseido
450	Resilience Lift Firming/Sculpting Face and Neck Lotion Broad Spectrum SPF 15, Normal/Combination	Estée Lauder
451	Immortelle Divine Cream	L'Occitane
452	White Lucent Brightening Gel Cream	Shiseido
453	Repairwear Laser Focus Line Smoothing Cream Broad Spectrum SPF 15 for Combination Oily to Oily Skin	CLINIQUE
454	Repairwear Uplifting Firming Cream Broad Spectrum SPF 15	CLINIQUE
455	Essential Energy Moisturizing Cream	Shiseido
456	Smart Night Custom-Repair Moisturizer - Very Dry to Dry	CLINIQUE
457	Essential Energy Day Cream SPF 20	Shiseido
458	White Lucent Overnight Cream & Mask	Shiseido
459	Argan Moonstone Drops Makeup Priming and Highlighting Oil	Josie Maran
460	Glow Body Cream	SEPHORA COLLECTION
461	Mini Face Cream	Dr. Barbara Sturm
462	Smart Night™ Custom-Repair Moisturizer - Dry Combination	CLINIQUE
463	Smart Night Custom-Repair Moisturizer -Combination Oily to Oily	CLINIQUE
464	Rose & Hyaluronic Acid Deep Hydration Moisturizer	fresh
465	Vinosource-Hydra Grape Water Gel Moisturizer	Caudalie
466	Mini Rose & Hyaluronic Acid Deep Hydration Moisturizer	fresh
467	Watermelon Glow PHA +BHA Pore-Tight Toner	Glow Recipe
468	Glycolic Acid 7% Toning Solution	The Ordinary
469	Squalane + BHA Pore-Minimizing Toner	Biossance
470	Glow2OH™ Dark Spot Toner	OLEHENRIKSEN
471	RESIST Advanced Replenishing Toner with Hyaluronic Acid	Paula's Choice
472	Deep Sweep 2% BHA Pore Cleaning Toner with Moringa + Papaya	Farmacy
473	Rose & Hyaluronic Acid Deep Hydration Toner	fresh
474	Fat Water Pore-Refining Toner Serum	Fenty Skin
475	Vinoclean Moisturizing Toner with Rose Water	Caudalie
476	Ultra Repair Wild Oat Hydrating Toner	First Aid Beauty
477	Down to Tone Resurfacing Acid Toner	iNNBEAUTY PROJECT
478	Balancing Force™ Oil Control Toner	OLEHENRIKSEN
479	Ready Steady Glow Daily AHA Toner	REN Clean Skincare
480	Beauty Elixir	Caudalie
481	Balancing Toner with Green Tea	innisfree
482	Aqua Bomb Hydrating Toner	belif
483	Facial Treatment Essence (Pitera Essence)	SK-II
484	RESIST Weightless Advanced Repairing Toner	Paula's Choice
485	Multi-Active Toner 	Dermalogica
486	Polyhydroxy Acid (PHA) Gentle Exfoliating Toner	The INKEY List
487	Glycolic Acid Exfoliating Toner	The INKEY List
488	Rose Floral Toner	fresh
489	Tonique Confort Re-Hydrating Comforting Toner with Acacia Honey	Lancôme
490	Vinopure Natural Salicylic Acid Pore Minimizing Toner	Caudalie
491	Essential Power Skin Toner for Normal to Dry Skin	LANEIGE
492	Intensive Hydrating Toner with Green Tea Seed	innisfree
493	Cactus Water Cleansing Lactic Acid Toner	Freck Beauty
494	Kombucha + 11% AHA Exfoliation Toner with Lactic Acid	Youth To The People
495	Dr. Andrew Weil For Origins™ Mega-Mushroom Relief & Resilience Soothing Treatment Lotion	Origins
496	Pore Clarifying Toner 10% Glycolic Acid + Pore Control Complex	Saturday Skin
497	Volcanic Clusters Pore Clearing Toner	innisfree
498	CoQ-10 Toner	Indie Lee
499	Clarifying Lotion 2	CLINIQUE
500	Essential Power Skin Toner for Combination to Oily Skin	LANEIGE
501	Milk-Peel Gentle Exfoliating Toner	Kiehl's Since 1851
502	Acid Potion AHA + BHA Resurfacing Exfoliator	Moon Juice
503	Ginger Honey Nourishing Ampoule Toner	innisfree
504	Soft Reset AHA Exfoliating Solution	Summer Fridays
505	A Perfect World™ Age-Defense Treatment Lotion with White Tea	Origins
506	ClearSkinDays Brightening Toner	SEPHORA COLLECTION
507	Matcha Toner	MILK MAKEUP
508	Facial Treatment Clear Lotion Toner	SK-II
509	Witch Hazel & Rosewater Toner	Mario Badescu
510	Jasmine Green Tea Oil Control Toner 	Herbivore
511	Mini Ready Steady Glow Daily AHA Toner	REN Clean Skincare
512	Hydrating Toning Lotion	Clarins
513	Liquid Gold Exfoliating Treatment with Glycolic acid	Alpha-H
514	Witch Hazel Herbal Extract Toner	belif
515	Clarifying Toner	Murad
516	Zero Oil™ Pore Purifying Toner	Origins
517	Micro Essence Skin Activating Treatment Lotion	Estée Lauder
518	Problem Solution Toner	belif
519	Calendula Herbal Extract Alcohol Free Toner	Kiehl's Since 1851
520	Hydrating Toner	Murad
521	Clarifying Lotion 3	CLINIQUE
522	Water Drench® Hyaluronic Cloud Hydrating Toner Mist	Peter Thomas Roth
523	Tonique Douceur Softening Hydrating Toner with Rose Water	Lancôme
524	Coconut Calming Rose Toner	Kopari
525	Dr. Andrew Weil For Origins™ Mega-Mushroom Relief & Resilience Soothing Treatment Lotion	Origins
526	Gentle PH Balancing Toner	SEPHORA COLLECTION
527	Vitamin C Brightening Toner	Dr. Zenovia Skincare
528	United State™ Balancing Tonic	Origins
529	Essential-C Toner	Murad
530	Eudermine Revitalizing Essence 	Shiseido
531	No. 2 Citrus Rhapsody Toner Mist	Edible Beauty
532	Hydrating Essence Toner	Algenist
533	Teatreement™ Toner	Dr. Jart+
534	Glycolic Acid Toner	Mario Badescu
535	Witch Hazel & Lavender Toner	Mario Badescu
536	Abeille Royale Anti-Aging Fortifying Lotion Toner	Guerlain
537	Clarifying Lotion 1	CLINIQUE
538	Acne Solutions™ Clarifying Lotion	CLINIQUE
539	Revitalizing Toner	Proactiv
540	No:Rinse Intensive Pore Minimizing Toner	Perricone MD
541	Tonique Radiance Clarifying Refining Toner	Lancôme
542	Clarifying Lotion 4	CLINIQUE
543	Bye Bye Pores Leave-On Solution Pore-Refining Toner	IT Cosmetics
544	Hydrating Face Tonic Toner	Bobbi Brown
545	SUPERTONER™ Exfoliating Acid Solution Toner	GLAMGLOW
546	Balancing Toner	Dr. Barbara Sturm
547	Sake Toning Essence	Shani Darden Skin Care
548	Perfectly Clean Multi-Action Toning Lotion/Refiner 	Estée Lauder
549	Crème Ancienne® Infusion Toner	fresh
550	Soothing Toning Lotion	Clarins
551	G.Tox Malachite and AHA Pore Refining Tonic	goop
552	Oil-Control Toner	Jack Black
553	Ultra Facial Toner	Kiehl's Since 1851
554	Nutritious Super-Pomegranate Radiant Energy Lotion	Estée Lauder
555	Buffering Lotion	Mario Badescu
556	Cucumber Herbal Alcohol-Free Toner	Kiehl's Since 1851
557	The Tonic	La Mer
558	Botanical Soothing Toner	AMOREPACIFIC
559	Alpine Berry Water Toner	Primera
560	Ultra Facial Oil-Free Toner	Kiehl's Since 1851
561	Rare Earth Pore Refining Tonic	Kiehl's Since 1851
562	Umbrian Clay Purifying Facial Toner	fresh
563	Blue Astringent Herbal Lotion	Kiehl's Since 1851
564	Superberry Hydrate + Glow Dream Mask with Vitamin C	Youth To The People
565	Superclay Purify + Clear Power Mask with Niacinamide	Youth To The People
566	Clear Improvement® Active Charcoal Mask to Clear Pores	Origins
567	Original Skin™ Retexturizing Mask with Rose Clay	Origins
568	Rare Earth Deep Pore Minimizing Cleansing Clay Mask	Kiehl's Since 1851
569	Drink Up™ Intensive Overnight Hydrating Mask with Avocado & Swiss Glacier Water	Origins
570	Watermelon + AHA Glow Sleeping Mask	Glow Recipe
571	Salicylic Acid 2% Masque	The Ordinary
572	Masking Minis 5-Piece Mask Kit	Peter Thomas Roth
573	T.L.C. Sukari Babyfacial™ AHA + BHA Mask	Drunk Elephant
574	Clear Improvement™ Charcoal Honey Mask to Purify and Nourish	Origins
575	Honey Potion Renewing Antioxidant Hydration Mask	Farmacy
576	SUPERMUD® Charcoal Instant Treatment Mask	GLAMGLOW
577	Pumpkin Enzyme Mask Enzymatic Dermal Resurfacer	Peter Thomas Roth
578	Cryo Rubber™ Masks	Dr. Jart+
579	Out of Trouble™ 10 Minute Mask to Rescue Problem Skin	Origins
580	Water Sleeping Mask	LANEIGE
581	 Hello Calm™ Relaxing & Hydrating Face Mask with Hemp Seed Oil	Origins
582	Cold Plunge Pore Mask	OLEHENRIKSEN
583	Face Mask	SEPHORA COLLECTION
584	Cicapair™ Tiger Grass Sleepair Intensive Mask	Dr. Jart+
585	Overtime Mask	Summer Fridays
586	Cucumber Gel Mask Extreme Detoxifying Hydrator	Peter Thomas Roth
587	Kaolin Mask	The INKEY List
588	Therapeutic Sulfur Acne Treatment Mask	Peter Thomas Roth
589	Squalane + Glycolic Renewal Mask	Biossance
590	Hypoallergenic Cica Sleeping Mask	LANEIGE
591	Rose Face Mask	fresh
592	Violet-C Radiance Mask	Tatcha
593	Shake & Shot™ Rubber Masks	Dr. Jart+
594	Blue Tansy BHA and Enzyme Pore Refining Mask 	Herbivore
595	Vinoperfect Brightening Glycolic Peel Mask	Caudalie
596	After-Sun Mask - Watermelon	SEPHORA COLLECTION
597	F-Balm™ Electrolyte Waterfacial Mask	Drunk Elephant
598	Pore Clearing Clay Mask	innisfree
599	24K Gold Mask Pure Luxury Lift & Firm	Peter Thomas Roth
600	Umbrian Clay Pore Purifying Face Mask	fresh
601	Yuzu Vitamin C Sleep Mask	Saturday Skin
602	Microneedling Anti-Wrinkle Retinol Patches	Peace Out
603	Turmeric BHA Brightening Treatment Mask	KORA Organics
604	Like Butter Mask for Dry, Sensitive & Eczema-Prone Skin	Topicals
605	PHAT Glow Facial™ Mask	OLEHENRIKSEN
606	Cannabis Sativa Seed Oil Hydrating Face Mask	MILK MAKEUP
607	MultiVitamin Power Recovery Mask	Dermalogica
608	Irish Moor Mud Purifying Black Mask	Peter Thomas Roth
609	Black Tea Instant Perfecting Mask	fresh
610	Face Mask Applicator	SEPHORA COLLECTION
611	Maskimizer™ Skin-Optimizing Mask Primer	Origins
612	Black Tea Firming Overnight Mask	fresh
613	Mini Watermelon + AHA Glow Sleeping Mask	Glow Recipe
614	FAB Pharma Arnica Relief & Rescue Mask	First Aid Beauty
615	Turmeric & Cranberry Seed Energizing Radiance Mask	Kiehl's Since 1851
616	Mini Pore Waterclay Mask	LANEIGE
617	GOOPGLOW Microderm Instant Glow Exfoliator	goop
618	Ginger Honey Sleeping Mask	innisfree
619	Resurfacing BHA Glow Mask	Tata Harper
620	Calendula Petal-Infused Calming Mask with Aloe Vera	Kiehl's Since 1851
621	Purity Made Simple Pore Extractor Mask	philosophy
622	Melting Moisture Mask	Dermalogica
623	YOUTHMUD® Glow Stimulating & Exfoliating Treatment Mask	GLAMGLOW
624	Rose Deep Hydration Sleeping Mask	fresh
625	Dough Therapy Pore Treatment Mask	OTZI
626	Glycol Lactic Radiance Renewal Mask	REN Clean Skincare
627	Pomegranate Triple-Dose Resurfacing Mask	KORRES
628	Intense Hydration Mask	Saturday Skin
629	The Lifting and Firming Mask	La Mer
630	Call It A Night Activated Mask	FOREO
631	Pitera Facial Treatment Mask	SK-II
632	DRx Blemish Solutions™ Clarifying Mask with Colloidal Sulfur	Dr. Dennis Gross Skincare
633	Greek Yoghurt Probiotic Superdose Face Mask	KORRES
634	Detoxifying Silt Gelee Mask	Volition Beauty
635	V-Facial Intensive Wrap	Clarins
636	Super Volcanic Clusters Pore Clearing Clay Peel Off Mask	innisfree
637	SUPERMASK - The Mud Mask	SEPHORA COLLECTION
638	Prism AHA + BHA Exfoliating Glow Facial	Herbivore
639	Instant Masks	SEPHORA COLLECTION
640	Purifying Mud Mask: Clear & Mattify	SEPHORA COLLECTION
641	Aqua Bomb Sleeping Mask	belif
642	Avocado Nourishing Hydration Mask	Kiehl's Since 1851
643	Watermelon Brightening Face Mask	MILK MAKEUP
644	Lotus Youth Preserve Rescue Mask	fresh
645	Lavender Water Sleeping Mask	LANEIGE
646	Keep on Masking Face Mask Holder	SEPHORA COLLECTION
647	Wild Huckleberry 8-Acid Polishing Peel Mask	alpyn beauty
648	Pore Clearing Clay Mousse Mask 2x with Super Volcanic Clusters	innisfree
649	GRAVITYMUD™ Firming Treatment Mask	GLAMGLOW
650	Spotlight Brightening Mask	Saturday Skin
651	Hydro Biotic™ Recovery Sleeping Mask	Dr. Brandt Skincare
652	Youth Junkie Activated Mask	FOREO
653	Green Tea Hydrating Sleeping Mask	innisfree
654	Super Collagen Mask	Mario Badescu
655	Vitamin C Glow Face Mask	fresh
656	BERRYGLOW™  Probiotic Recovery Face Mask	GLAMGLOW
657	Clean Charcoal Nose Strip	SEPHORA COLLECTION
658	Redness Recovery+ Antioxidant Redness Treatment Overnight Mask	Skinfix
659	Purifying Pore & Blackhead Detox Mask	Tata Harper
660	11% Triple Acid Mineral Mask	SOBEL SKIN Rx
661	The Intensive Revitalizing Mask	La Mer
662	Glow Addict Activated Mask	FOREO
663	Clean Peeling Mask	SEPHORA COLLECTION
664	Mini Goddess Clay Mask 15ml Travel Size	Charlotte Tilbury
665	Evercalm™ Ultra Comforting Rescue Mask	REN Clean Skincare
666	Shake & Shot™ Rubber Pore Minimizing Mask with Black Bean	Dr. Jart+
667	BUBBLESHEET™ Oxygenating Deep Cleanse Mask	GLAMGLOW
668	Hyaluronic Marine Hydrating Modeling Mask	Dr. Dennis Gross Skincare
669	Face Mask	Dr. Barbara Sturm
670	Make My Day Activated Mask	FOREO
671	Mini The Lifting and Firming Mask	La Mer
672	Skin Purifying Mask	Proactiv
673	Acai Smoothie Mask - Anti-Pollution	SEPHORA COLLECTION
674	R + R Mask	Summer Fridays
675	Noni Glow Sleeping Mask	KORA Organics
676	pores no more® Vacuum Cleaner® Pore Purifying Mask	Dr. Brandt Skincare
677	Clay Mask	SEPHORA COLLECTION
678	Face Mask Sachet Box	Dr. Barbara Sturm
679	Clarifying AHA + BHA Mask	Tata Harper
680	Clean Charcoal Mask	SEPHORA COLLECTION
681	Mini Black Tea Instant Perfecting Mask	fresh
682	Clean Sea Weed Mask	SEPHORA COLLECTION
683	Hydra Life Glow Better Fresh Jelly Mask	Dior
684	Clean Watermelon After Sun Mask	SEPHORA COLLECTION
685	Ultra Facial Overnight Hydrating Mask	Kiehl's Since 1851
686	Crème Ancienne® Ultimate Nourishing Honey Mask	fresh
687	Dreamskin 1-Minute Mask	Dior
688	Liquid Gold Ultimate Perfecting Mask with Glycolic, Ferulic and Lactic Acids	Alpha-H
689	INSTAMUD™ 60 Second Pore-Refining Treatment Mask	GLAMGLOW
690	Goddess Clay Mask	Charlotte Tilbury
691	Instant Detox Hawaiian Sea Water & White Clay Face Mask	Bobbi Brown
692	Clean Bubble Mask	SEPHORA COLLECTION
693	Tangerine Brightening & Pore-Refining Sleeping Mask	innisfree
694	Shake & Shot™ Rubber Purifying Mask with Spirulina	Dr. Jart+
695	Hydrating Sleeping Mask with Melatonin & Wild Dandelion	alpyn beauty
696	ClearSkinDays Clarifying Cleanser	SEPHORA COLLECTION
697	Saturn Sulfur Spot Treatment Mask	SUNDAY RILEY
698	EradiKate™ Mask Foam-Activated Acne Treatment	Kate Somerville
699	Oxygen Facial Flash Recovery Mask	Dr. Brandt Skincare
700	Water Gel Mask Hydrate + Refresh	SEPHORA COLLECTION
701	Treatment Enzyme Peeling Masque	AMOREPACIFIC
702	Clarimatte™ Invisible Pores Detox Mask	REN Clean Skincare
703	Clean Hemp Mask	SEPHORA COLLECTION
704	Treatment Lotion Hydrating Mask	La Mer
705	MAGNETIGHT Age-Defier™ Mask	Dr. Brandt Skincare
706	Ginger Leaf & Hibiscus Firming Mask	Kiehl's Since 1851
707	Brightening Mask with Vitamin C	Mario Badescu
708	Hydrating Floral Mask	Tata Harper
709	Vitamin Nectar Vitamin C Brightening Powder	fresh
710	Clarifying Mask	Dr. Barbara Sturm
711	Rose Sorbet Cryo-Mask	Lancôme
712	SOS Hydra Refreshing Hydration Mask	Clarins
713	Pore Cleaner Bubble Foam	belif
714	& Sleeping Beauty Purifying Mousse - Pink Clay Sleep Mask	Edible Beauty
715	Multi-Miracle Glow Cleansing Balm	Charlotte Tilbury
716	SOS Pure Rebalancing Clay Mask	Clarins
717	Youth Revolution Radiance Crème & Masque	AMOREPACIFIC
718	Flower & Tonic Clay Mask	Mario Badescu
719	Extra-Firming Mask	Clarins
720	MOISTURE BOUND Sleeping Recovery Mask	AMOREPACIFIC
721	Hydra Life Pores Away Pink Clay Mask	Dior
722	Nutritious Super-Pomegranate Radiant Energy Night Crème/Mask	Estée Lauder
723	B-PERKY Lift & Firm Breast Mask	MAELYS Cosmetics
724	SOS Comfort Nourishing Balm Mask	Clarins
725	SUPERMASK - The Freezing Mask	SEPHORA COLLECTION
726	Hydra Life Extra Plump Smooth Balm Mask	Dior
727	Hydrating Lip Mask	SEPHORA COLLECTION
728	FAB Pharma Calamine Pore Purging Mask	First Aid Beauty
729	Time Freeze Sleeping Mask	LANEIGE
730	SUPERMASK - The Bubble Mask	SEPHORA COLLECTION
731	SUPERMASK - The Peeling Mask	SEPHORA COLLECTION
732	SUPERMASK - The Charcoal Mask	SEPHORA COLLECTION
733	Moisture Surge Overnight Mask	CLINIQUE
734	Clean Face Sleeping Masks	SEPHORA COLLECTION
735	The Famous Pink Mask	Erno Laszlo
736	ALIVE Prebiotic Balancing Mask	Algenist
737	Overnight Glow Mask	SEPHORA COLLECTION
738	Acne Solutions™ Oil-Control Cleansing Mask	CLINIQUE
739	All About Clean™ 2-in-1 Charcoal Mask + Scrub	CLINIQUE
740	Clean 1 Minute Face Masks	SEPHORA COLLECTION
741	Pore Refining Solutions Charcoal Mask	CLINIQUE
742	The 2 in 1 Oil Mask	SEPHORA COLLECTION
743	Charcoal Nose Strip	SEPHORA COLLECTION
744	SPLASH Absolute Hydration Replenishing Sleeping Pack	Algenist
745	PERFECT Clarifying Pore Corrector Mask	Algenist
746	WASO: Purifying Peel Off Mask	Shiseido
747	WASO: Hydrating Gel Beauty Sleeping Mask	Shiseido
748	Vinosource-Hydra Moisturizing Mask	Caudalie
749	Skin Perfecting 2% BHA Liquid Exfoliant	Paula's Choice
750	Lemonade Smoothing Scrub	OLEHENRIKSEN
751	Daily Microfoliant Exfoliator	Dermalogica
752	Pore-Balance™ Facial Sauna Scrub	OLEHENRIKSEN
753	The UnScrub Gentle Cleansing Scrub	Paula's Choice
754	Transforming Walnut Scrub	OLEHENRIKSEN
755	CLEAR Anti-Redness Exfoliating Solution with 2% Salicylic Acid	Paula's Choice
756	ExfoliKate® Intensive Pore Exfoliating Treatment	Kate Somerville
757	Skin Perfecting 8% AHA Gel Exfoliant	Paula's Choice
758	Yo Glow Facial Enzyme Scrub	Wishful
759	The Rice Polish Foaming Enzyme Powder	Tatcha
760	Yerba Mate Resurfacing + Exfoliating Energy Facial with Enzymes + Niacinamide	Youth To The People
761	Sugar Strawberry Exfoliating Face Wash	fresh
762	Sugar Face Polish Exfoliator	fresh
763	The Microdelivery Exfoliating Facial Wash	philosophy
764	GinZing™ Refreshing Scrub Cleanser	Origins
765	VinoClean Deep Cleansing Exfoliator	Caudalie
766	Yo Detox Face & Body Enzyme Scrub	Wishful
767	Treatment Enzyme Exfoliating Powder Cleanser	AMOREPACIFIC
768	AHA/BHA Exfoliating Cleanser	Murad
769	Exfoliating Scrub	CLINIQUE
770	Checks and Balances™ Polishing Exfoliator	Origins
771	PRO Strength Microdermabrasion Blackhead Eliminator	Peter Thomas Roth
772	Rub-A-Dub Refining Peel Gel	Saturday Skin
773	Regenerating Exfoliating Cleanser	Tata Harper
774	Modern Friction™ Nature’s Gentle Dermabrasion	Origins
775	microdermabrasion age defying exfoliator	Dr. Brandt Skincare
776	Daily Superfoliant Exfoliator	Dermalogica
777	JuJu Exfoliating Bar	Drunk Elephant
778	BRIGHTMUD™ Dual-Exfoliation Treatment	GLAMGLOW
779	Epidermal Re-Texturizing Micro-Dermabrasion	Kiehl's Since 1851
780	The Replenishing Oil Exfoliator	La Mer
781	Baby Pekee Bar™ + Juju Bar Travel Duo	Drunk Elephant
782	Face Buff Energizing Scrub	Jack Black
783	Pep-Start 2-in-1 Exfoliating Cleanser	CLINIQUE
784	Botanical Exfoliating Scrub	Mario Badescu
785	Turmeric Brightening Polish	Volition Beauty
786	7 Day Scrub Cream Rinse-Off Formula	CLINIQUE
787	SEA FRXXXTION Stick Exfoliating Cleanser	tarte
788	FAB Skin Lab Resurfacing Liquid 10% AHA	First Aid Beauty
789	Blackhead Solutions 7 Day Deep Pore Cleanse & Scrub	CLINIQUE
790	Skin Smoothing Exfoliator	Proactiv
791	Skin Resurfacing Lactic Acid Cleanser	Dermalogica
792	Sugar Body Scrub	SEPHORA COLLECTION
793	Daily Microfoliant Exfoliator Refill Pack	Dermalogica
794	Daily Microfoliant Exfoliator Full Size + Refill Set	Dermalogica
795	Microdermabrasion Scrub	Dr. Lara Devgan Scientific Beauty
796	PoreDermabrasion™ Pore Perfecting Exfoliator	Dr. Brandt Skincare
797	Grapefruit Creamy Scrub	SEPHORA COLLECTION
798	Baby Bar Travel Duo with Case	Drunk Elephant
799	Prep-N-Glow™ Cloths	NuFACE
800	Clarifying Lotion 1.0 Twice A Day Exfoliator	CLINIQUE
801	DRx Acne Eliminating Pads	Dr. Dennis Gross Skincare
802	Refining Crème Polish Exfoliator	Laura Mercier
803	Hydro Masque Exfoliant	Dermalogica
804	WASO: Soft & Cushy Polishing Exfoliator	Shiseido
805	Bright Skin Exfoliating Scrub	SEPHORA COLLECTION
806	Umbrian Clay Pore Purifying Face Exfoliator	fresh
807	Wild Rose Petal Soft Cream Exfoliator	KORRES
808	Hydra Life Time to Glow Ultra Fine Exfoliating Powder	Dior
